sample-id	group	forward-primer	forward-sequence	reverse-primer	reverse-sequence
mICOIintF_R5	short	mICOIintF	TAGGWACWGGWTGAACWGTWTAYCCYCC	R5	CCGTRATNGCNCCNGCNARNACNGG
mICOIintF_BR1	short	mICOIintF	TAGGWACWGGWTGAACWGTWTAYCCYCC	BR1	ARYATDGTRATDGCHCCDGC
BF1_R5	short	BF1	ACWGGWTGRACWGTNTAYCC	R5	CCGTRATNGCNCCNGCNARNACNGG
BF1_BR1	short	BF1	ACWGGWTGRACWGTNTAYCC	BR1	ARYATDGTRATDGCHCCDGC
B_R5	left	B	CCNGAYATRGCNTTYCCNCG	R5	CCGTRATNGCNCCNGCNARNACNGG
B_BR1	left	B	CCNGAYATRGCNTTYCCNCG	BR1	ARYATDGTRATDGCHCCDGC
BF2_R5	left	BF2	GCHCCHGAYATRGCHTTYCC	R5	CCGTRATNGCNCCNGCNARNACNGG
BF2_BR1	left	BF2	GCHCCHGAYATRGCHTTYCC	BR1	ARYATDGTRATDGCHCCDGC
mICOIintF_BR2	right	mICOIintF	TAGGWACWGGWTGAACWGTWTAYCCYCC	BR2	TCDGGRTGNCCRAARAAYCA
mICOIintF_dgHCO2198	right	mICOIintF	TAGGWACWGGWTGAACWGTWTAYCCYCC	dgHCO2198	TAAACTTCAGGGTGACCAAARAAYCA
BF1_BR2	right	BF1	ACWGGWTGRACWGTNTAYCC	BR2	TCDGGRTGNCCRAARAAYCA
BF1_dgHCO2198	right	BF1	ACWGGWTGRACWGTNTAYCC	dgHCO2198	TAAACTTCAGGGTGACCAAARAAYCA
B_BR2	long	B	CCNGAYATRGCNTTYCCNCG	BR2	TCDGGRTGNCCRAARAAYCA
B_dgHCO2198	long	B	CCNGAYATRGCNTTYCCNCG	dgHCO2198	TAAACTTCAGGGTGACCAAARAAYCA
BF2_BR2	long	BF2	GCHCCHGAYATRGCHTTYCC	BR2	TCDGGRTGNCCRAARAAYCA
BF2_dgHCO2198	long	BF2	GCHCCHGAYATRGCHTTYCC	dgHCO2198	TAAACTTCAGGGTGACCAAARAAYCA
